MFCCs,Mean_Accuracy,STD_Accuracy
[0 1 2 3 4 5],0.7137096774193548,0.023442648151207487
